,Time,Book_n,Coef,Type
0,2018-11-16 01:39:00,10Bet,1.59,home
1,2018-11-15 20:06:00,10Bet,1.63,home
2,2018-11-15 19:15:00,10Bet,1.67,home
3,2018-11-15 18:06:00,10Bet,1.65,home
4,2018-11-15 16:03:00,10Bet,1.73,home
5,2018-11-15 14:07:00,10Bet,1.74,home
6,2018-11-15 11:35:00,10Bet,1.77,home
7,2018-11-15 09:11:00,10Bet,1.8,home
8,2018-11-15 07:48:00,10Bet,1.83,home
9,2018-11-15 05:22:00,10Bet,1.85,home
10,2018-11-16 02:32:00,10Bet,2.45,away
11,2018-11-16 01:25:00,10Bet,2.5,away
12,2018-11-16 01:23:00,10Bet,2.45,away
13,2018-11-15 23:49:00,10Bet,2.4,away
14,2018-11-15 19:42:00,10Bet,2.35,away
15,2018-11-15 19:16:00,10Bet,2.3,away
16,2018-11-15 18:03:00,10Bet,2.35,away
17,2018-11-15 17:40:00,10Bet,2.3,away
18,2018-11-15 16:41:00,10Bet,2.25,away
19,2018-11-15 14:13:00,10Bet,2.2,away
20,2018-11-15 11:24:00,10Bet,2.15,away
21,2018-11-15 09:11:00,10Bet,2.1,away
22,2018-11-15 09:05:00,10Bet,2.05,away
23,2018-11-15 05:07:00,10Bet,2.0,away
24,2018-11-15 04:03:00,10Bet,1.95,away
25,2018-11-15 22:02:00,188BET,1.61,home
26,2018-11-15 19:57:00,188BET,1.62,home
27,2018-11-15 19:21:00,188BET,1.66,home
28,2018-11-15 18:53:00,188BET,1.61,home
29,2018-11-15 17:02:00,188BET,1.7,home
30,2018-11-15 13:19:00,188BET,1.73,home
31,2018-11-15 22:02:00,188BET,2.38,away
32,2018-11-15 19:57:00,188BET,2.35,away
33,2018-11-15 19:11:00,188BET,2.27,away
34,2018-11-15 19:09:00,188BET,2.32,away
35,2018-11-15 18:53:00,188BET,2.38,away
36,2018-11-15 17:02:00,188BET,2.2,away
37,2018-11-15 17:00:00,188BET,2.11,away
38,2018-11-15 16:48:00,188BET,2.13,away
39,2018-11-15 13:19:00,188BET,2.16,away
40,2018-11-16 02:35:00,18bet,1.59,home
41,2018-11-16 02:22:00,18bet,1.58,home
42,2018-11-16 02:11:00,18bet,1.57,home
43,2018-11-16 02:03:00,18bet,1.56,home
44,2018-11-16 01:37:00,18bet,1.55,home
45,2018-11-16 01:26:00,18bet,1.57,home
46,2018-11-16 01:22:00,18bet,1.59,home
47,2018-11-16 01:06:00,18bet,1.61,home
48,2018-11-16 00:52:00,18bet,1.62,home
49,2018-11-16 00:00:00,18bet,1.6,home
50,2018-11-15 23:57:00,18bet,1.59,home
51,2018-11-15 23:51:00,18bet,1.6,home
52,2018-11-15 23:34:00,18bet,1.62,home
53,2018-11-15 22:50:00,18bet,1.63,home
54,2018-11-15 21:53:00,18bet,1.64,home
55,2018-11-15 21:14:00,18bet,1.63,home
56,2018-11-15 20:07:00,18bet,1.64,home
57,2018-11-15 19:49:00,18bet,1.62,home
58,2018-11-15 19:36:00,18bet,1.64,home
59,2018-11-15 19:07:00,18bet,1.65,home
60,2018-11-15 02:17:00,18bet,1.86,home
61,2018-11-16 02:57:00,18bet,2.49,away
62,2018-11-16 02:35:00,18bet,2.5,away
63,2018-11-16 02:22:00,18bet,2.51,away
64,2018-11-16 02:11:00,18bet,2.54,away
65,2018-11-16 02:03:00,18bet,2.56,away
66,2018-11-16 01:39:00,18bet,2.58,away
67,2018-11-16 01:37:00,18bet,2.59,away
68,2018-11-16 01:26:00,18bet,2.54,away
69,2018-11-16 01:22:00,18bet,2.49,away
70,2018-11-16 01:06:00,18bet,2.44,away
71,2018-11-16 00:52:00,18bet,2.42,away
72,2018-11-16 00:00:00,18bet,2.46,away
73,2018-11-15 23:57:00,18bet,2.49,away
74,2018-11-15 23:51:00,18bet,2.47,away
75,2018-11-15 23:34:00,18bet,2.42,away
76,2018-11-15 22:50:00,18bet,2.4,away
77,2018-11-15 21:53:00,18bet,2.38,away
78,2018-11-15 21:14:00,18bet,2.4,away
79,2018-11-15 20:07:00,18bet,2.38,away
80,2018-11-15 20:05:00,18bet,2.42,away
81,2018-11-15 02:17:00,18bet,2.03,away
82,2018-11-16 02:27:00,1xBet,1.62,home
83,2018-11-16 02:23:00,1xBet,1.61,home
84,2018-11-16 02:17:00,1xBet,1.6,home
85,2018-11-16 02:06:00,1xBet,1.59,home
86,2018-11-16 01:44:00,1xBet,1.58,home
87,2018-11-16 01:27:00,1xBet,1.6,home
88,2018-11-16 00:27:00,1xBet,1.63,home
89,2018-11-16 00:23:00,1xBet,1.62,home
90,2018-11-15 23:53:00,1xBet,1.63,home
91,2018-11-15 23:37:00,1xBet,1.65,home
92,2018-11-15 23:33:00,1xBet,1.61,home
93,2018-11-15 23:27:00,1xBet,1.65,home
94,2018-11-15 22:53:00,1xBet,1.61,home
95,2018-11-15 22:37:00,1xBet,1.62,home
96,2018-11-15 21:33:00,1xBet,1.61,home
97,2018-11-15 21:27:00,1xBet,1.62,home
98,2018-11-15 21:23:00,1xBet,1.61,home
99,2018-11-15 21:17:00,1xBet,1.64,home
100,2018-11-15 21:03:00,1xBet,1.62,home
101,2018-11-15 20:59:00,1xBet,1.63,home
102,2018-11-14 10:51:00,1xBet,2.23,home
103,2018-11-16 02:59:00,1xBet,2.48,away
104,2018-11-16 02:53:00,1xBet,2.47,away
105,2018-11-16 02:47:00,1xBet,2.46,away
106,2018-11-16 02:43:00,1xBet,2.47,away
107,2018-11-16 02:37:00,1xBet,2.46,away
108,2018-11-16 02:27:00,1xBet,2.48,away
109,2018-11-16 02:23:00,1xBet,2.5,away
110,2018-11-16 02:17:00,1xBet,2.52,away
111,2018-11-16 02:06:00,1xBet,2.54,away
112,2018-11-16 01:44:00,1xBet,2.57,away
113,2018-11-16 01:27:00,1xBet,2.52,away
114,2018-11-16 01:07:00,1xBet,2.45,away
115,2018-11-16 00:57:00,1xBet,2.44,away
116,2018-11-16 00:53:00,1xBet,2.45,away
117,2018-11-16 00:47:00,1xBet,2.44,away
118,2018-11-16 00:27:00,1xBet,2.45,away
119,2018-11-16 00:23:00,1xBet,2.47,away
120,2018-11-15 23:53:00,1xBet,2.45,away
121,2018-11-15 23:37:00,1xBet,2.41,away
122,2018-11-15 23:33:00,1xBet,2.38,away
123,2018-11-14 10:51:00,1xBet,1.67,away
124,2018-11-16 02:54:00,22Bet,1.57,home
125,2018-11-16 02:49:00,22Bet,1.58,home
126,2018-11-16 02:44:00,22Bet,1.57,home
127,2018-11-16 02:38:00,22Bet,1.58,home
128,2018-11-16 02:29:00,22Bet,1.57,home
129,2018-11-16 02:24:00,22Bet,1.56,home
130,2018-11-16 02:20:00,22Bet,1.55,home
131,2018-11-16 01:44:00,22Bet,1.54,home
132,2018-11-16 01:30:00,22Bet,1.55,home
133,2018-11-16 01:10:00,22Bet,1.58,home
134,2018-11-16 00:59:00,22Bet,1.59,home
135,2018-11-16 00:53:00,22Bet,1.58,home
136,2018-11-16 00:48:00,22Bet,1.59,home
137,2018-11-16 00:28:00,22Bet,1.58,home
138,2018-11-16 00:23:00,22Bet,1.57,home
139,2018-11-15 23:53:00,22Bet,1.58,home
140,2018-11-15 23:40:00,22Bet,1.6,home
141,2018-11-15 23:34:00,22Bet,1.59,home
142,2018-11-15 23:28:00,22Bet,1.6,home
143,2018-11-15 22:54:00,22Bet,1.59,home
144,2018-11-14 10:54:00,22Bet,2.23,home
145,2018-11-16 02:59:00,22Bet,2.41,away
146,2018-11-16 02:54:00,22Bet,2.4,away
147,2018-11-16 02:49:00,22Bet,2.39,away
148,2018-11-16 02:44:00,22Bet,2.4,away
149,2018-11-16 02:38:00,22Bet,2.39,away
150,2018-11-16 02:29:00,22Bet,2.41,away
151,2018-11-16 02:24:00,22Bet,2.43,away
152,2018-11-16 02:20:00,22Bet,2.45,away
153,2018-11-16 02:05:00,22Bet,2.47,away
154,2018-11-16 01:44:00,22Bet,2.5,away
155,2018-11-16 01:30:00,22Bet,2.45,away
156,2018-11-16 01:10:00,22Bet,2.38,away
157,2018-11-16 00:59:00,22Bet,2.37,away
158,2018-11-16 00:53:00,22Bet,2.38,away
159,2018-11-16 00:48:00,22Bet,2.37,away
160,2018-11-16 00:28:00,22Bet,2.38,away
161,2018-11-16 00:23:00,22Bet,2.4,away
162,2018-11-15 23:53:00,22Bet,2.38,away
163,2018-11-15 23:40:00,22Bet,2.34,away
164,2018-11-15 23:34:00,22Bet,2.36,away
165,2018-11-14 10:54:00,22Bet,1.67,away
166,2018-11-16 01:39:00,5Dimes,1.59,home
167,2018-11-15 20:06:00,5Dimes,1.63,home
168,2018-11-15 19:15:00,5Dimes,1.67,home
169,2018-11-15 18:06:00,5Dimes,1.65,home
170,2018-11-15 16:03:00,5Dimes,1.73,home
171,2018-11-15 14:07:00,5Dimes,1.74,home
172,2018-11-15 11:35:00,5Dimes,1.77,home
173,2018-11-15 09:11:00,5Dimes,1.8,home
174,2018-11-15 07:48:00,5Dimes,1.83,home
175,2018-11-15 05:22:00,5Dimes,1.85,home
176,2018-11-16 01:39:00,5Dimes,2.6,away
177,2018-11-15 20:06:00,5Dimes,2.5,away
178,2018-11-15 19:15:00,5Dimes,2.4,away
179,2018-11-15 18:06:00,5Dimes,2.45,away
180,2018-11-15 16:03:00,5Dimes,2.27,away
181,2018-11-15 14:07:00,5Dimes,2.25,away
182,2018-11-15 11:35:00,5Dimes,2.2,away
183,2018-11-15 09:11:00,5Dimes,2.15,away
184,2018-11-15 07:48:00,5Dimes,2.1,away
185,2018-11-15 05:22:00,5Dimes,2.07,away
186,2018-11-16 02:58:00,888sport,1.57,home
187,2018-11-16 02:12:00,888sport,1.53,home
188,2018-11-16 01:12:00,888sport,1.61,home
189,2018-11-16 00:32:00,888sport,1.57,home
190,2018-11-15 19:00:00,888sport,1.62,home
191,2018-11-15 16:44:00,888sport,1.65,home
192,2018-11-15 15:23:00,888sport,1.7,home
193,2018-11-15 13:56:00,888sport,1.74,home
194,2018-11-15 10:34:00,888sport,1.75,home
195,2018-11-15 10:29:00,888sport,1.78,home
196,2018-11-15 04:30:00,888sport,1.83,home
197,2018-11-16 02:58:00,888sport,2.48,away
198,2018-11-16 02:12:00,888sport,2.55,away
199,2018-11-16 01:12:00,888sport,2.38,away
200,2018-11-16 00:32:00,888sport,2.45,away
201,2018-11-15 19:00:00,888sport,2.35,away
202,2018-11-15 16:44:00,888sport,2.28,away
203,2018-11-15 15:23:00,888sport,2.2,away
204,2018-11-15 13:56:00,888sport,2.14,away
205,2018-11-15 10:34:00,888sport,2.12,away
206,2018-11-15 10:29:00,888sport,2.08,away
207,2018-11-15 04:30:00,888sport,2.02,away
208,2018-11-16 02:35:00,Babibet,1.59,home
209,2018-11-16 02:23:00,Babibet,1.58,home
210,2018-11-16 02:11:00,Babibet,1.57,home
211,2018-11-16 02:03:00,Babibet,1.56,home
212,2018-11-16 01:38:00,Babibet,1.55,home
213,2018-11-16 01:26:00,Babibet,1.57,home
214,2018-11-16 01:23:00,Babibet,1.59,home
215,2018-11-16 01:04:00,Babibet,1.61,home
216,2018-11-16 00:54:00,Babibet,1.62,home
217,2018-11-15 23:58:00,Babibet,1.6,home
218,2018-11-15 23:55:00,Babibet,1.59,home
219,2018-11-15 23:48:00,Babibet,1.6,home
220,2018-11-15 23:35:00,Babibet,1.62,home
221,2018-11-15 22:50:00,Babibet,1.63,home
222,2018-11-15 21:53:00,Babibet,1.64,home
223,2018-11-15 21:14:00,Babibet,1.63,home
224,2018-11-15 20:06:00,Babibet,1.64,home
225,2018-11-15 19:49:00,Babibet,1.62,home
226,2018-11-15 19:37:00,Babibet,1.64,home
227,2018-11-15 19:06:00,Babibet,1.65,home
228,2018-11-15 02:16:00,Babibet,1.9,home
229,2018-11-16 02:57:00,Babibet,2.49,away
230,2018-11-16 02:35:00,Babibet,2.5,away
231,2018-11-16 02:23:00,Babibet,2.51,away
232,2018-11-16 02:11:00,Babibet,2.54,away
233,2018-11-16 02:03:00,Babibet,2.56,away
234,2018-11-16 01:41:00,Babibet,2.58,away
235,2018-11-16 01:38:00,Babibet,2.59,away
236,2018-11-16 01:26:00,Babibet,2.54,away
237,2018-11-16 01:23:00,Babibet,2.49,away
238,2018-11-16 01:04:00,Babibet,2.44,away
239,2018-11-16 00:54:00,Babibet,2.42,away
240,2018-11-15 23:58:00,Babibet,2.46,away
241,2018-11-15 23:55:00,Babibet,2.49,away
242,2018-11-15 23:48:00,Babibet,2.47,away
243,2018-11-15 23:35:00,Babibet,2.42,away
244,2018-11-15 22:50:00,Babibet,2.4,away
245,2018-11-15 21:53:00,Babibet,2.38,away
246,2018-11-15 21:14:00,Babibet,2.4,away
247,2018-11-15 20:08:00,Babibet,2.38,away
248,2018-11-15 20:06:00,Babibet,2.37,away
249,2018-11-15 02:16:00,Babibet,1.99,away
250,2018-11-16 01:42:00,bet-at-home,1.54,home
251,2018-11-16 01:26:00,bet-at-home,1.55,home
252,2018-11-16 00:56:00,bet-at-home,1.59,home
253,2018-11-15 23:53:00,bet-at-home,1.58,home
254,2018-11-15 23:39:00,bet-at-home,1.6,home
255,2018-11-15 22:33:00,bet-at-home,1.61,home
256,2018-11-15 19:50:00,bet-at-home,1.6,home
257,2018-11-15 18:13:00,bet-at-home,1.61,home
258,2018-11-15 17:47:00,bet-at-home,1.64,home
259,2018-11-15 17:40:00,bet-at-home,1.65,home
260,2018-11-15 16:05:00,bet-at-home,1.67,home
261,2018-11-15 14:08:00,bet-at-home,1.68,home
262,2018-11-15 11:28:00,bet-at-home,1.72,home
263,2018-11-15 09:15:00,bet-at-home,1.73,home
264,2018-11-15 08:41:00,bet-at-home,1.78,home
265,2018-11-15 05:09:00,bet-at-home,1.79,home
266,2018-11-15 02:35:00,bet-at-home,1.81,home
267,2018-11-16 01:42:00,bet-at-home,2.44,away
268,2018-11-16 01:26:00,bet-at-home,2.41,away
269,2018-11-16 00:56:00,bet-at-home,2.33,away
270,2018-11-15 23:53:00,bet-at-home,2.35,away
271,2018-11-15 23:39:00,bet-at-home,2.31,away
272,2018-11-15 22:33:00,bet-at-home,2.28,away
273,2018-11-15 19:50:00,bet-at-home,2.31,away
274,2018-11-15 18:13:00,bet-at-home,2.28,away
275,2018-11-15 17:47:00,bet-at-home,2.22,away
276,2018-11-15 17:40:00,bet-at-home,2.2,away
277,2018-11-15 16:05:00,bet-at-home,2.17,away
278,2018-11-15 14:08:00,bet-at-home,2.15,away
279,2018-11-15 11:28:00,bet-at-home,2.09,away
280,2018-11-15 09:15:00,bet-at-home,2.07,away
281,2018-11-15 08:41:00,bet-at-home,2.01,away
282,2018-11-15 05:09:00,bet-at-home,1.99,away
283,2018-11-15 02:35:00,bet-at-home,1.97,away
284,2018-11-16 01:36:00,bet365,1.57,home
285,2018-11-15 23:58:00,bet365,1.6,home
286,2018-11-15 23:42:00,bet365,1.62,home
287,2018-11-15 22:42:00,bet365,1.64,home
288,2018-11-15 20:07:00,bet365,1.62,home
289,2018-11-15 20:04:00,bet365,1.6,home
290,2018-11-15 18:04:00,bet365,1.62,home
291,2018-11-15 17:42:00,bet365,1.64,home
292,2018-11-15 17:38:00,bet365,1.66,home
293,2018-11-15 16:43:00,bet365,1.68,home
294,2018-11-15 14:06:00,bet365,1.71,home
295,2018-11-15 11:34:00,bet365,1.74,home
296,2018-11-15 09:09:00,bet365,1.76,home
297,2018-11-15 07:49:00,bet365,1.8,home
298,2018-11-15 05:06:00,bet365,1.83,home
299,2018-11-15 02:32:00,bet365,1.86,home
300,2018-11-16 01:36:00,bet365,2.55,away
301,2018-11-15 23:58:00,bet365,2.45,away
302,2018-11-15 23:42:00,bet365,2.4,away
303,2018-11-15 22:42:00,bet365,2.35,away
304,2018-11-15 20:07:00,bet365,2.4,away
305,2018-11-15 20:04:00,bet365,2.45,away
306,2018-11-15 18:04:00,bet365,2.4,away
307,2018-11-15 17:42:00,bet365,2.35,away
308,2018-11-15 17:38:00,bet365,2.3,away
309,2018-11-15 16:43:00,bet365,2.25,away
310,2018-11-15 14:06:00,bet365,2.2,away
311,2018-11-15 11:34:00,bet365,2.15,away
312,2018-11-15 09:09:00,bet365,2.1,away
313,2018-11-15 07:49:00,bet365,2.05,away
314,2018-11-15 05:06:00,bet365,2.0,away
315,2018-11-15 02:32:00,bet365,1.95,away
316,2018-11-16 01:41:00,Betclic,1.57,home
317,2018-11-16 01:28:00,Betclic,1.59,home
318,2018-11-16 01:26:00,Betclic,1.61,home
319,2018-11-16 00:55:00,Betclic,1.62,home
320,2018-11-15 23:52:00,Betclic,1.61,home
321,2018-11-15 23:38:00,Betclic,1.63,home
322,2018-11-15 22:34:00,Betclic,1.65,home
323,2018-11-15 19:50:00,Betclic,1.64,home
324,2018-11-15 18:09:00,Betclic,1.65,home
325,2018-11-15 18:05:00,Betclic,1.66,home
326,2018-11-15 17:45:00,Betclic,1.68,home
327,2018-11-15 17:38:00,Betclic,1.69,home
328,2018-11-15 16:04:00,Betclic,1.71,home
329,2018-11-15 14:07:00,Betclic,1.73,home
330,2018-11-15 11:25:00,Betclic,1.76,home
331,2018-11-15 09:16:00,Betclic,1.78,home
332,2018-11-15 09:14:00,Betclic,1.8,home
333,2018-11-15 08:42:00,Betclic,1.82,home
334,2018-11-15 05:09:00,Betclic,1.84,home
335,2018-11-15 02:19:00,Betclic,1.86,home
336,2018-11-16 01:41:00,Betclic,2.55,away
337,2018-11-16 01:28:00,Betclic,2.5,away
338,2018-11-16 01:26:00,Betclic,2.46,away
339,2018-11-16 00:55:00,Betclic,2.41,away
340,2018-11-15 23:52:00,Betclic,2.44,away
341,2018-11-15 23:38:00,Betclic,2.39,away
342,2018-11-15 22:34:00,Betclic,2.36,away
343,2018-11-15 19:50:00,Betclic,2.39,away
344,2018-11-15 18:09:00,Betclic,2.36,away
345,2018-11-15 18:05:00,Betclic,2.34,away
346,2018-11-15 17:45:00,Betclic,2.3,away
347,2018-11-15 17:38:00,Betclic,2.27,away
348,2018-11-15 16:04:00,Betclic,2.24,away
349,2018-11-15 14:07:00,Betclic,2.22,away
350,2018-11-15 11:25:00,Betclic,2.16,away
351,2018-11-15 09:16:00,Betclic,2.14,away
352,2018-11-15 09:14:00,Betclic,2.11,away
353,2018-11-15 08:42:00,Betclic,2.07,away
354,2018-11-15 05:09:00,Betclic,2.05,away
355,2018-11-15 02:19:00,Betclic,2.03,away
356,2018-11-16 02:58:00,Betfair,1.57,home
357,2018-11-15 22:42:00,Betfair,1.63,home
358,2018-11-15 18:08:00,Betfair,1.7,home
359,2018-11-15 17:02:00,Betfair,1.73,home
360,2018-11-15 15:55:00,Betfair,1.75,home
361,2018-11-15 01:39:00,Betfair,1.8,home
362,2018-11-16 02:58:00,Betfair,2.5,away
363,2018-11-15 22:42:00,Betfair,2.38,away
364,2018-11-15 18:08:00,Betfair,2.25,away
365,2018-11-15 17:02:00,Betfair,2.2,away
366,2018-11-15 15:55:00,Betfair,2.15,away
367,2018-11-15 01:39:00,Betfair,2.1,away
368,2018-11-16 01:51:00,Betfred,1.53,home
369,2018-11-15 23:51:00,Betfred,1.57,home
370,2018-11-15 23:17:00,Betfred,1.62,home
371,2018-11-15 23:03:00,Betfred,1.57,home
372,2018-11-15 18:07:00,Betfred,1.62,home
373,2018-11-15 17:26:00,Betfred,1.67,home
374,2018-11-15 14:05:00,Betfred,1.7,home
375,2018-11-15 13:18:00,Betfred,1.73,home
376,2018-11-15 12:55:00,Betfred,1.7,home
377,2018-11-15 09:17:00,Betfred,1.73,home
378,2018-11-15 06:48:00,Betfred,1.8,home
379,2018-11-15 06:30:00,Betfred,1.83,home
380,2018-11-15 06:19:00,Betfred,1.8,home
381,2018-11-15 02:29:00,Betfred,1.83,home
382,2018-11-15 02:24:00,Betfred,1.8,home
383,2018-11-16 01:51:00,Betfred,2.5,away
384,2018-11-15 23:51:00,Betfred,2.4,away
385,2018-11-15 23:17:00,Betfred,2.3,away
386,2018-11-15 23:03:00,Betfred,2.4,away
387,2018-11-15 18:07:00,Betfred,2.3,away
388,2018-11-15 17:26:00,Betfred,2.25,away
389,2018-11-15 14:05:00,Betfred,2.15,away
390,2018-11-15 13:18:00,Betfred,2.1,away
391,2018-11-15 12:55:00,Betfred,2.15,away
392,2018-11-15 09:17:00,Betfred,2.1,away
393,2018-11-15 06:48:00,Betfred,2.05,away
394,2018-11-15 06:30:00,Betfred,2.0,away
395,2018-11-15 06:19:00,Betfred,2.05,away
396,2018-11-15 02:29:00,Betfred,2.0,away
397,2018-11-15 02:24:00,Betfred,2.05,away
398,2018-11-16 02:30:00,Bethard,1.57,home
399,2018-11-16 01:39:00,Bethard,1.56,home
400,2018-11-16 01:26:00,Bethard,1.57,home
401,2018-11-16 01:08:00,Bethard,1.59,home
402,2018-11-16 00:52:00,Bethard,1.61,home
403,2018-11-15 23:50:00,Bethard,1.59,home
404,2018-11-15 23:47:00,Bethard,1.61,home
405,2018-11-15 19:42:00,Bethard,1.63,home
406,2018-11-15 19:16:00,Bethard,1.65,home
407,2018-11-15 18:03:00,Bethard,1.63,home
408,2018-11-15 18:01:00,Bethard,1.65,home
409,2018-11-15 17:37:00,Bethard,1.67,home
410,2018-11-15 15:03:00,Bethard,1.69,home
411,2018-11-15 14:02:00,Bethard,1.71,home
412,2018-11-15 11:24:00,Bethard,1.74,home
413,2018-11-15 09:11:00,Bethard,1.77,home
414,2018-11-15 09:07:00,Bethard,1.8,home
415,2018-11-15 07:36:00,Bethard,1.77,home
416,2018-11-15 04:03:00,Bethard,1.8,home
417,2018-11-16 02:30:00,Bethard,2.45,away
418,2018-11-16 01:26:00,Bethard,2.5,away
419,2018-11-16 01:23:00,Bethard,2.45,away
420,2018-11-15 23:50:00,Bethard,2.4,away
421,2018-11-15 19:42:00,Bethard,2.35,away
422,2018-11-15 19:16:00,Bethard,2.3,away
423,2018-11-15 18:03:00,Bethard,2.35,away
424,2018-11-15 17:41:00,Bethard,2.3,away
425,2018-11-15 16:41:00,Bethard,2.25,away
426,2018-11-15 14:13:00,Bethard,2.2,away
427,2018-11-15 11:24:00,Bethard,2.15,away
428,2018-11-15 09:11:00,Bethard,2.1,away
429,2018-11-15 09:07:00,Bethard,2.05,away
430,2018-11-15 05:05:00,Bethard,2.0,away
431,2018-11-15 04:03:00,Bethard,1.95,away
432,2018-11-16 02:22:00,BetJOE,1.57,home
433,2018-11-16 02:15:00,BetJOE,1.56,home
434,2018-11-16 02:00:00,BetJOE,1.55,home
435,2018-11-16 01:37:00,BetJOE,1.54,home
436,2018-11-16 01:24:00,BetJOE,1.56,home
437,2018-11-16 01:22:00,BetJOE,1.57,home
438,2018-11-16 01:05:00,BetJOE,1.59,home
439,2018-11-16 00:51:00,BetJOE,1.6,home
440,2018-11-15 23:57:00,BetJOE,1.59,home
441,2018-11-15 23:48:00,BetJOE,1.58,home
442,2018-11-15 23:26:00,BetJOE,1.61,home
443,2018-11-15 22:49:00,BetJOE,1.62,home
444,2018-11-15 22:31:00,BetJOE,1.63,home
445,2018-11-15 20:10:00,BetJOE,1.62,home
446,2018-11-15 20:05:00,BetJOE,1.63,home
447,2018-11-15 20:03:00,BetJOE,1.6,home
448,2018-11-15 19:47:00,BetJOE,1.61,home
449,2018-11-15 19:36:00,BetJOE,1.63,home
450,2018-11-15 19:05:00,BetJOE,1.64,home
451,2018-11-15 18:07:00,BetJOE,1.63,home
452,2018-11-15 02:16:00,BetJOE,1.84,home
453,2018-11-16 02:57:00,BetJOE,2.47,away
454,2018-11-16 02:34:00,BetJOE,2.48,away
455,2018-11-16 02:22:00,BetJOE,2.49,away
456,2018-11-16 02:15:00,BetJOE,2.51,away
457,2018-11-16 02:11:00,BetJOE,2.52,away
458,2018-11-16 02:00:00,BetJOE,2.54,away
459,2018-11-16 01:37:00,BetJOE,2.56,away
460,2018-11-16 01:24:00,BetJOE,2.51,away
461,2018-11-16 01:22:00,BetJOE,2.47,away
462,2018-11-16 01:05:00,BetJOE,2.42,away
463,2018-11-16 00:51:00,BetJOE,2.4,away
464,2018-11-15 23:57:00,BetJOE,2.44,away
465,2018-11-15 23:55:00,BetJOE,2.46,away
466,2018-11-15 23:48:00,BetJOE,2.45,away
467,2018-11-15 23:33:00,BetJOE,2.39,away
468,2018-11-15 23:26:00,BetJOE,2.38,away
469,2018-11-15 22:49:00,BetJOE,2.37,away
470,2018-11-15 22:31:00,BetJOE,2.35,away
471,2018-11-15 21:51:00,BetJOE,2.36,away
472,2018-11-15 21:14:00,BetJOE,2.37,away
473,2018-11-15 02:16:00,BetJOE,2.01,away
474,2018-11-16 01:52:00,BetOlimp,1.56,home
475,2018-11-16 01:31:00,BetOlimp,1.58,home
476,2018-11-16 00:57:00,BetOlimp,1.61,home
477,2018-11-15 23:56:00,BetOlimp,1.6,home
478,2018-11-15 23:44:00,BetOlimp,1.62,home
479,2018-11-15 22:40:00,BetOlimp,1.63,home
480,2018-11-15 19:52:00,BetOlimp,1.62,home
481,2018-11-15 18:10:00,BetOlimp,1.63,home
482,2018-11-15 17:53:00,BetOlimp,1.66,home
483,2018-11-15 17:41:00,BetOlimp,1.68,home
484,2018-11-15 16:09:00,BetOlimp,1.69,home
485,2018-11-15 14:09:00,BetOlimp,1.71,home
486,2018-11-15 11:27:00,BetOlimp,1.75,home
487,2018-11-15 09:16:00,BetOlimp,1.76,home
488,2018-11-15 08:47:00,BetOlimp,1.81,home
489,2018-11-15 05:12:00,BetOlimp,1.82,home
490,2018-11-15 03:32:00,BetOlimp,1.84,home
491,2018-11-16 01:52:00,BetOlimp,2.5,away
492,2018-11-16 01:31:00,BetOlimp,2.46,away
493,2018-11-16 00:57:00,BetOlimp,2.38,away
494,2018-11-15 23:56:00,BetOlimp,2.4,away
495,2018-11-15 23:44:00,BetOlimp,2.37,away
496,2018-11-15 22:40:00,BetOlimp,2.35,away
497,2018-11-15 19:52:00,BetOlimp,2.37,away
498,2018-11-15 18:10:00,BetOlimp,2.35,away
499,2018-11-15 17:53:00,BetOlimp,2.29,away
500,2018-11-15 17:41:00,BetOlimp,2.25,away
501,2018-11-15 16:09:00,BetOlimp,2.22,away
502,2018-11-15 14:09:00,BetOlimp,2.2,away
503,2018-11-15 11:27:00,BetOlimp,2.14,away
504,2018-11-15 09:16:00,BetOlimp,2.11,away
505,2018-11-15 08:47:00,BetOlimp,2.05,away
506,2018-11-15 05:12:00,BetOlimp,2.03,away
507,2018-11-15 03:32:00,BetOlimp,2.01,away
508,2018-11-16 02:59:00,Betsafe,1.57,home
509,2018-11-16 01:39:00,Betsafe,1.55,home
510,2018-11-16 01:19:00,Betsafe,1.58,home
511,2018-11-15 23:55:00,Betsafe,1.59,home
512,2018-11-15 23:51:00,Betsafe,1.58,home
513,2018-11-15 23:49:00,Betsafe,1.59,home
514,2018-11-15 23:41:00,Betsafe,1.61,home
515,2018-11-15 23:37:00,Betsafe,1.59,home
516,2018-11-15 22:35:00,Betsafe,1.61,home
517,2018-11-15 22:33:00,Betsafe,1.59,home
518,2018-11-15 21:56:00,Betsafe,1.61,home
519,2018-11-15 17:59:00,Betsafe,1.64,home
520,2018-11-15 17:40:00,Betsafe,1.66,home
521,2018-11-15 16:46:00,Betsafe,1.68,home
522,2018-11-15 15:01:00,Betsafe,1.69,home
523,2018-11-15 11:37:00,Betsafe,1.72,home
524,2018-11-15 10:58:00,Betsafe,1.75,home
525,2018-11-15 09:12:00,Betsafe,1.78,home
526,2018-11-15 07:50:00,Betsafe,1.79,home
527,2018-11-15 02:27:00,Betsafe,1.82,home
528,2018-11-16 02:59:00,Betsafe,2.4,away
529,2018-11-16 01:39:00,Betsafe,2.45,away
530,2018-11-15 23:59:00,Betsafe,2.4,away
531,2018-11-15 23:55:00,Betsafe,2.39,away
532,2018-11-15 23:51:00,Betsafe,2.4,away
533,2018-11-15 23:49:00,Betsafe,2.39,away
534,2018-11-15 23:41:00,Betsafe,2.34,away
535,2018-11-15 23:37:00,Betsafe,2.39,away
536,2018-11-15 22:35:00,Betsafe,2.34,away
537,2018-11-15 22:33:00,Betsafe,2.39,away
538,2018-11-15 18:05:00,Betsafe,2.34,away
539,2018-11-15 17:59:00,Betsafe,2.29,away
540,2018-11-15 17:40:00,Betsafe,2.26,away
541,2018-11-15 16:46:00,Betsafe,2.21,away
542,2018-11-15 14:10:00,Betsafe,2.19,away
543,2018-11-15 11:24:00,Betsafe,2.15,away
544,2018-11-15 09:16:00,Betsafe,2.1,away
545,2018-11-15 09:12:00,Betsafe,2.05,away
546,2018-11-15 07:50:00,Betsafe,2.04,away
547,2018-11-15 02:27:00,Betsafe,2.0,away
548,2018-11-16 01:40:00,Betsson,1.55,home
549,2018-11-16 01:23:00,Betsson,1.58,home
550,2018-11-15 23:55:00,Betsson,1.59,home
551,2018-11-15 23:51:00,Betsson,1.58,home
552,2018-11-15 23:49:00,Betsson,1.59,home
553,2018-11-15 23:41:00,Betsson,1.61,home
554,2018-11-15 23:37:00,Betsson,1.59,home
555,2018-11-15 22:35:00,Betsson,1.61,home
556,2018-11-15 22:33:00,Betsson,1.59,home
557,2018-11-15 21:58:00,Betsson,1.61,home
558,2018-11-15 20:05:00,Betsson,1.59,home
559,2018-11-15 18:31:00,Betsson,1.61,home
560,2018-11-15 17:59:00,Betsson,1.64,home
561,2018-11-15 17:41:00,Betsson,1.66,home
562,2018-11-15 16:46:00,Betsson,1.68,home
563,2018-11-15 15:02:00,Betsson,1.69,home
564,2018-11-15 11:38:00,Betsson,1.72,home
565,2018-11-15 09:21:00,Betsson,1.75,home
566,2018-11-15 09:13:00,Betsson,1.78,home
567,2018-11-15 07:49:00,Betsson,1.79,home
568,2018-11-15 02:28:00,Betsson,1.82,home
569,2018-11-16 01:40:00,Betsson,2.45,away
570,2018-11-15 23:59:00,Betsson,2.4,away
571,2018-11-15 23:55:00,Betsson,2.39,away
572,2018-11-15 23:51:00,Betsson,2.4,away
573,2018-11-15 23:49:00,Betsson,2.39,away
574,2018-11-15 23:41:00,Betsson,2.34,away
575,2018-11-15 23:37:00,Betsson,2.39,away
576,2018-11-15 22:35:00,Betsson,2.34,away
577,2018-11-15 22:33:00,Betsson,2.39,away
578,2018-11-15 20:07:00,Betsson,2.34,away
579,2018-11-15 20:05:00,Betsson,2.39,away
580,2018-11-15 18:03:00,Betsson,2.34,away
581,2018-11-15 17:59:00,Betsson,2.29,away
582,2018-11-15 17:41:00,Betsson,2.26,away
583,2018-11-15 16:46:00,Betsson,2.21,away
584,2018-11-15 14:09:00,Betsson,2.19,away
585,2018-11-15 11:23:00,Betsson,2.15,away
586,2018-11-15 09:17:00,Betsson,2.1,away
587,2018-11-15 09:13:00,Betsson,2.05,away
588,2018-11-15 07:49:00,Betsson,2.04,away
589,2018-11-15 02:28:00,Betsson,2.0,away
590,2018-11-16 02:04:00,BetVictor,1.6,home
591,2018-11-16 01:43:00,BetVictor,1.57,home
592,2018-11-16 00:59:00,BetVictor,1.6,home
593,2018-11-16 00:04:00,BetVictor,1.57,home
594,2018-11-15 23:55:00,BetVictor,1.6,home
595,2018-11-15 19:16:00,BetVictor,1.62,home
596,2018-11-15 18:09:00,BetVictor,1.65,home
597,2018-11-15 17:08:00,BetVictor,1.67,home
598,2018-11-15 14:10:00,BetVictor,1.7,home
599,2018-11-15 14:05:00,BetVictor,1.73,home
600,2018-11-15 09:14:00,BetVictor,1.75,home
601,2018-11-15 06:50:00,BetVictor,1.8,home
602,2018-11-15 04:46:00,BetVictor,1.83,home
603,2018-11-16 02:04:00,BetVictor,2.5,away
604,2018-11-16 01:43:00,BetVictor,2.45,away
605,2018-11-16 00:59:00,BetVictor,2.4,away
606,2018-11-16 00:04:00,BetVictor,2.45,away
607,2018-11-15 23:55:00,BetVictor,2.4,away
608,2018-11-15 20:01:00,BetVictor,2.38,away
609,2018-11-15 18:09:00,BetVictor,2.3,away
610,2018-11-15 17:08:00,BetVictor,2.25,away
611,2018-11-15 14:10:00,BetVictor,2.2,away
612,2018-11-15 14:05:00,BetVictor,2.15,away
613,2018-11-15 09:14:00,BetVictor,2.1,away
614,2018-11-15 06:50:00,BetVictor,2.05,away
615,2018-11-15 04:52:00,BetVictor,2.0,away
616,2018-11-15 04:46:00,BetVictor,1.95,away
617,2018-11-16 01:41:00,Betway,1.56,home
618,2018-11-16 01:25:00,Betway,1.59,home
619,2018-11-15 22:50:00,Betway,1.61,home
620,2018-11-15 22:32:00,Betway,1.63,home
621,2018-11-15 22:08:00,Betway,1.61,home
622,2018-11-15 18:06:00,Betway,1.63,home
623,2018-11-15 17:40:00,Betway,1.67,home
624,2018-11-15 16:45:00,Betway,1.69,home
625,2018-11-15 14:05:00,Betway,1.71,home
626,2018-11-15 10:38:00,Betway,1.74,home
627,2018-11-15 09:10:00,Betway,1.77,home
628,2018-11-15 06:39:00,Betway,1.8,home
629,2018-11-15 05:21:00,Betway,1.83,home
630,2018-11-16 01:41:00,Betway,2.5,away
631,2018-11-16 01:25:00,Betway,2.45,away
632,2018-11-15 22:50:00,Betway,2.4,away
633,2018-11-15 22:32:00,Betway,2.35,away
634,2018-11-15 22:08:00,Betway,2.4,away
635,2018-11-15 18:06:00,Betway,2.35,away
636,2018-11-15 17:40:00,Betway,2.3,away
637,2018-11-15 16:45:00,Betway,2.25,away
638,2018-11-15 14:05:00,Betway,2.2,away
639,2018-11-15 10:38:00,Betway,2.15,away
640,2018-11-15 09:10:00,Betway,2.1,away
641,2018-11-15 06:39:00,Betway,2.05,away
642,2018-11-15 05:21:00,Betway,2.0,away
643,2018-11-16 01:40:00,BoyleSports,1.55,home
644,2018-11-16 01:25:00,BoyleSports,1.57,home
645,2018-11-15 22:50:00,BoyleSports,1.6,home
646,2018-11-15 22:31:00,BoyleSports,1.62,home
647,2018-11-15 22:07:00,BoyleSports,1.6,home
648,2018-11-15 20:08:00,BoyleSports,1.62,home
649,2018-11-15 20:06:00,BoyleSports,1.6,home
650,2018-11-15 18:07:00,BoyleSports,1.62,home
651,2018-11-15 16:45:00,BoyleSports,1.67,home
652,2018-11-15 14:07:00,BoyleSports,1.73,home
653,2018-11-15 10:45:00,BoyleSports,1.75,home
654,2018-11-16 01:40:00,BoyleSports,2.5,away
655,2018-11-15 22:50:00,BoyleSports,2.4,away
656,2018-11-15 22:31:00,BoyleSports,2.38,away
657,2018-11-15 22:07:00,BoyleSports,2.4,away
658,2018-11-15 20:08:00,BoyleSports,2.38,away
659,2018-11-15 20:06:00,BoyleSports,2.4,away
660,2018-11-15 18:07:00,BoyleSports,2.38,away
661,2018-11-15 16:45:00,BoyleSports,2.25,away
662,2018-11-15 14:07:00,BoyleSports,2.15,away
663,2018-11-15 10:45:00,BoyleSports,2.1,away
664,2018-11-16 02:06:00,bwin,1.57,home
665,2018-11-16 02:00:00,bwin,1.55,home
666,2018-11-16 01:42:00,bwin,1.62,home
667,2018-11-15 20:04:00,bwin,1.65,home
668,2018-11-15 19:26:00,bwin,1.67,home
669,2018-11-15 17:27:00,bwin,1.7,home
670,2018-11-15 15:21:00,bwin,1.72,home
671,2018-11-15 14:00:00,bwin,1.75,home
672,2018-11-15 05:51:00,bwin,1.83,home
673,2018-11-15 02:59:00,bwin,1.87,home
674,2018-11-15 02:53:00,bwin,1.83,home
675,2018-11-16 02:06:00,bwin,2.45,away
676,2018-11-16 02:00:00,bwin,2.4,away
677,2018-11-16 01:42:00,bwin,2.35,away
678,2018-11-15 22:12:00,bwin,2.25,away
679,2018-11-15 17:27:00,bwin,2.2,away
680,2018-11-15 15:21:00,bwin,2.15,away
681,2018-11-15 14:00:00,bwin,2.1,away
682,2018-11-15 11:40:00,bwin,2.0,away
683,2018-11-15 02:59:00,bwin,1.95,away
684,2018-11-15 02:53:00,bwin,2.0,away
685,2018-11-16 02:36:00,ComeOn,1.57,home
686,2018-11-16 02:12:00,ComeOn,1.56,home
687,2018-11-16 02:08:00,ComeOn,1.54,home
688,2018-11-16 01:26:00,ComeOn,1.56,home
689,2018-11-16 01:24:00,ComeOn,1.57,home
690,2018-11-16 01:08:00,ComeOn,1.59,home
691,2018-11-16 00:52:00,ComeOn,1.61,home
692,2018-11-15 23:50:00,ComeOn,1.59,home
693,2018-11-15 23:02:00,ComeOn,1.61,home
694,2018-11-15 22:22:00,ComeOn,1.63,home
695,2018-11-15 21:09:00,ComeOn,1.61,home
696,2018-11-15 20:08:00,ComeOn,1.63,home
697,2018-11-15 19:48:00,ComeOn,1.61,home
698,2018-11-15 18:03:00,ComeOn,1.63,home
699,2018-11-15 17:36:00,ComeOn,1.65,home
700,2018-11-15 16:55:00,ComeOn,1.67,home
701,2018-11-15 15:04:00,ComeOn,1.69,home
702,2018-11-15 14:02:00,ComeOn,1.71,home
703,2018-11-15 09:44:00,ComeOn,1.74,home
704,2018-11-15 09:11:00,ComeOn,1.77,home
705,2018-11-15 04:05:00,ComeOn,1.8,home
706,2018-11-16 02:32:00,ComeOn,2.45,away
707,2018-11-16 01:39:00,ComeOn,2.5,away
708,2018-11-16 01:24:00,ComeOn,2.45,away
709,2018-11-15 23:50:00,ComeOn,2.4,away
710,2018-11-15 19:43:00,ComeOn,2.35,away
711,2018-11-15 18:16:00,ComeOn,2.3,away
712,2018-11-15 18:03:00,ComeOn,2.35,away
713,2018-11-15 18:02:00,ComeOn,2.3,away
714,2018-11-15 16:55:00,ComeOn,2.25,away
715,2018-11-15 14:15:00,ComeOn,2.2,away
716,2018-11-15 11:24:00,ComeOn,2.15,away
717,2018-11-15 09:11:00,ComeOn,2.1,away
718,2018-11-15 09:05:00,ComeOn,2.05,away
719,2018-11-15 05:06:00,ComeOn,2.0,away
720,2018-11-15 04:05:00,ComeOn,1.95,away
721,2018-11-15 18:07:00,Coolbet,1.6,home
722,2018-11-15 17:20:00,Coolbet,1.63,home
723,2018-11-15 16:11:00,Coolbet,1.7,home
724,2018-11-15 14:08:00,Coolbet,1.71,home
725,2018-11-15 09:23:00,Coolbet,1.74,home
726,2018-11-15 09:18:00,Coolbet,1.78,home
727,2018-11-15 08:11:00,Coolbet,1.8,home
728,2018-11-15 06:51:00,Coolbet,1.81,home
729,2018-11-15 05:35:00,Coolbet,1.83,home
730,2018-11-15 02:35:00,Coolbet,1.85,home
731,2018-11-15 02:32:00,Coolbet,1.88,home
732,2018-11-15 18:07:00,Coolbet,2.4,away
733,2018-11-15 17:39:00,Coolbet,2.35,away
734,2018-11-15 17:24:00,Coolbet,2.34,away
735,2018-11-15 17:20:00,Coolbet,2.35,away
736,2018-11-15 16:11:00,Coolbet,2.21,away
737,2018-11-15 14:08:00,Coolbet,2.2,away
738,2018-11-15 09:23:00,Coolbet,2.15,away
739,2018-11-15 09:18:00,Coolbet,2.1,away
740,2018-11-15 08:11:00,Coolbet,2.06,away
741,2018-11-15 06:51:00,Coolbet,2.05,away
742,2018-11-15 05:35:00,Coolbet,2.03,away
743,2018-11-15 02:35:00,Coolbet,2.0,away
744,2018-11-15 02:32:00,Coolbet,1.97,away
745,2018-11-16 02:27:00,Dafabet,1.6,home
746,2018-11-16 02:17:00,Dafabet,1.57,home
747,2018-11-16 02:03:00,Dafabet,1.56,home
748,2018-11-16 01:19:00,Dafabet,1.63,home
749,2018-11-16 00:49:00,Dafabet,1.62,home
750,2018-11-15 23:55:00,Dafabet,1.6,home
751,2018-11-15 20:11:00,Dafabet,1.64,home
752,2018-11-15 19:54:00,Dafabet,1.63,home
753,2018-11-15 18:57:00,Dafabet,1.65,home
754,2018-11-15 18:33:00,Dafabet,1.63,home
755,2018-11-15 18:06:00,Dafabet,1.65,home
756,2018-11-15 14:11:00,Dafabet,1.7,home
757,2018-11-15 13:29:00,Dafabet,1.73,home
758,2018-11-15 13:07:00,Dafabet,1.74,home
759,2018-11-15 11:06:00,Dafabet,1.76,home
760,2018-11-15 09:50:00,Dafabet,1.77,home
761,2018-11-15 08:29:00,Dafabet,1.8,home
762,2018-11-15 08:06:00,Dafabet,1.85,home
763,2018-11-15 04:13:00,Dafabet,1.84,home
764,2018-11-16 02:27:00,Dafabet,2.47,away
765,2018-11-16 02:17:00,Dafabet,2.53,away
766,2018-11-16 02:03:00,Dafabet,2.56,away
767,2018-11-16 01:19:00,Dafabet,2.38,away
768,2018-11-16 00:49:00,Dafabet,2.42,away
769,2018-11-15 23:55:00,Dafabet,2.47,away
770,2018-11-15 20:11:00,Dafabet,2.36,away
771,2018-11-15 19:54:00,Dafabet,2.38,away
772,2018-11-15 18:57:00,Dafabet,2.35,away
773,2018-11-15 18:33:00,Dafabet,2.38,away
774,2018-11-15 18:06:00,Dafabet,2.35,away
775,2018-11-15 14:11:00,Dafabet,2.25,away
776,2018-11-15 13:29:00,Dafabet,2.2,away
777,2018-11-15 13:07:00,Dafabet,2.19,away
778,2018-11-15 11:06:00,Dafabet,2.16,away
779,2018-11-15 09:50:00,Dafabet,2.14,away
780,2018-11-15 08:29:00,Dafabet,2.11,away
781,2018-11-15 08:06:00,Dafabet,2.03,away
782,2018-11-15 04:13:00,Dafabet,2.04,away
783,2018-11-16 01:41:00,Expekt,1.57,home
784,2018-11-16 01:27:00,Expekt,1.59,home
785,2018-11-16 01:24:00,Expekt,1.61,home
786,2018-11-16 00:55:00,Expekt,1.62,home
787,2018-11-15 23:51:00,Expekt,1.61,home
788,2018-11-15 23:39:00,Expekt,1.63,home
789,2018-11-15 22:33:00,Expekt,1.65,home
790,2018-11-15 19:50:00,Expekt,1.64,home
791,2018-11-15 18:09:00,Expekt,1.65,home
792,2018-11-15 18:06:00,Expekt,1.66,home
793,2018-11-15 17:46:00,Expekt,1.68,home
794,2018-11-15 17:39:00,Expekt,1.69,home
795,2018-11-15 16:04:00,Expekt,1.71,home
796,2018-11-15 14:07:00,Expekt,1.73,home
797,2018-11-15 11:27:00,Expekt,1.76,home
798,2018-11-15 09:15:00,Expekt,1.78,home
799,2018-11-15 09:13:00,Expekt,1.8,home
800,2018-11-15 08:43:00,Expekt,1.82,home
801,2018-11-15 05:10:00,Expekt,1.84,home
802,2018-11-15 02:19:00,Expekt,1.86,home
803,2018-11-16 01:41:00,Expekt,2.55,away
804,2018-11-16 01:27:00,Expekt,2.5,away
805,2018-11-16 01:24:00,Expekt,2.46,away
806,2018-11-16 00:55:00,Expekt,2.41,away
807,2018-11-15 23:51:00,Expekt,2.44,away
808,2018-11-15 23:39:00,Expekt,2.39,away
809,2018-11-15 22:33:00,Expekt,2.36,away
810,2018-11-15 19:50:00,Expekt,2.39,away
811,2018-11-15 18:09:00,Expekt,2.36,away
812,2018-11-15 18:06:00,Expekt,2.34,away
813,2018-11-15 17:46:00,Expekt,2.3,away
814,2018-11-15 17:39:00,Expekt,2.27,away
815,2018-11-15 16:04:00,Expekt,2.24,away
816,2018-11-15 14:07:00,Expekt,2.22,away
817,2018-11-15 11:27:00,Expekt,2.16,away
818,2018-11-15 09:15:00,Expekt,2.14,away
819,2018-11-15 09:13:00,Expekt,2.11,away
820,2018-11-15 08:43:00,Expekt,2.07,away
821,2018-11-15 05:10:00,Expekt,2.05,away
822,2018-11-15 02:19:00,Expekt,2.03,away
823,2018-11-16 01:39:00,Intertops,1.57,home
824,2018-11-15 23:58:00,Intertops,1.61,home
825,2018-11-15 22:52:00,Intertops,1.63,home
826,2018-11-15 18:06:00,Intertops,1.65,home
827,2018-11-15 17:39:00,Intertops,1.67,home
828,2018-11-15 14:31:00,Intertops,1.71,home
829,2018-11-16 01:39:00,Intertops,2.55,away
830,2018-11-15 23:58:00,Intertops,2.45,away
831,2018-11-15 22:52:00,Intertops,2.4,away
832,2018-11-15 18:06:00,Intertops,2.35,away
833,2018-11-15 17:39:00,Intertops,2.3,away
834,2018-11-15 14:31:00,Intertops,2.2,away
835,2018-11-16 00:04:00,Interwetten,1.55,home
836,2018-11-16 00:02:00,Interwetten,1.6,home
837,2018-11-16 00:00:00,Interwetten,1.55,home
838,2018-11-15 23:58:00,Interwetten,1.6,home
839,2018-11-15 23:56:00,Interwetten,1.55,home
840,2018-11-15 18:29:00,Interwetten,1.6,home
841,2018-11-15 18:27:00,Interwetten,1.65,home
842,2018-11-15 18:24:00,Interwetten,1.6,home
843,2018-11-15 14:17:00,Interwetten,1.65,home
844,2018-11-15 09:32:00,Interwetten,1.7,home
845,2018-11-15 08:59:00,Interwetten,1.75,home
846,2018-11-15 08:56:00,Interwetten,1.8,home
847,2018-11-15 08:51:00,Interwetten,1.75,home
848,2018-11-15 03:09:00,Interwetten,1.8,home
849,2018-11-16 01:44:00,Interwetten,2.4,away
850,2018-11-16 01:42:00,Interwetten,2.35,away
851,2018-11-16 01:40:00,Interwetten,2.4,away
852,2018-11-16 01:36:00,Interwetten,2.35,away
853,2018-11-16 01:34:00,Interwetten,2.3,away
854,2018-11-16 01:32:00,Interwetten,2.35,away
855,2018-11-16 01:30:00,Interwetten,2.3,away
856,2018-11-16 01:28:00,Interwetten,2.35,away
857,2018-11-16 01:26:00,Interwetten,2.3,away
858,2018-11-16 01:24:00,Interwetten,2.35,away
859,2018-11-15 23:53:00,Interwetten,2.3,away
860,2018-11-15 23:51:00,Interwetten,2.25,away
861,2018-11-15 23:49:00,Interwetten,2.3,away
862,2018-11-15 22:45:00,Interwetten,2.25,away
863,2018-11-15 22:43:00,Interwetten,2.3,away
864,2018-11-15 22:40:00,Interwetten,2.25,away
865,2018-11-15 19:53:00,Interwetten,2.3,away
866,2018-11-15 18:29:00,Interwetten,2.25,away
867,2018-11-15 18:27:00,Interwetten,2.2,away
868,2018-11-15 18:24:00,Interwetten,2.25,away
869,2018-11-15 03:09:00,Interwetten,1.95,away
870,2018-11-16 02:39:00,Jetbull,1.57,home
871,2018-11-16 02:13:00,Jetbull,1.56,home
872,2018-11-16 02:09:00,Jetbull,1.57,home
873,2018-11-16 02:03:00,Jetbull,1.56,home
874,2018-11-16 01:44:00,Jetbull,1.57,home
875,2018-11-16 01:10:00,Jetbull,1.61,home
876,2018-11-16 00:31:00,Jetbull,1.59,home
877,2018-11-16 00:02:00,Jetbull,1.61,home
878,2018-11-15 23:31:00,Jetbull,1.63,home
879,2018-11-15 23:28:00,Jetbull,1.61,home
880,2018-11-15 22:46:00,Jetbull,1.63,home
881,2018-11-15 22:22:00,Jetbull,1.61,home
882,2018-11-15 22:20:00,Jetbull,1.63,home
883,2018-11-15 18:54:00,Jetbull,1.65,home
884,2018-11-15 17:46:00,Jetbull,1.67,home
885,2018-11-15 17:10:00,Jetbull,1.69,home
886,2018-11-15 17:09:00,Jetbull,1.7,home
887,2018-11-15 16:02:00,Jetbull,1.71,home
888,2018-11-15 15:48:00,Jetbull,1.73,home
889,2018-11-15 15:41:00,Jetbull,1.71,home
890,2018-11-15 02:21:00,Jetbull,1.78,home
891,2018-11-16 01:10:00,Jetbull,2.4,away
892,2018-11-16 00:31:00,Jetbull,2.39,away
893,2018-11-15 23:58:00,Jetbull,2.4,away
894,2018-11-15 23:55:00,Jetbull,2.39,away
895,2018-11-15 23:40:00,Jetbull,2.38,away
896,2018-11-15 23:31:00,Jetbull,2.36,away
897,2018-11-15 23:28:00,Jetbull,2.38,away
898,2018-11-15 22:46:00,Jetbull,2.36,away
899,2018-11-15 22:22:00,Jetbull,2.38,away
900,2018-11-15 20:01:00,Jetbull,2.35,away
901,2018-11-15 19:13:00,Jetbull,2.31,away
902,2018-11-15 19:07:00,Jetbull,2.33,away
903,2018-11-15 18:58:00,Jetbull,2.31,away
904,2018-11-15 18:08:00,Jetbull,2.27,away
905,2018-11-15 17:46:00,Jetbull,2.26,away
906,2018-11-15 17:43:00,Jetbull,2.23,away
907,2018-11-15 17:10:00,Jetbull,2.22,away
908,2018-11-15 16:49:00,Jetbull,2.2,away
909,2018-11-15 15:25:00,Jetbull,2.18,away
910,2018-11-15 14:07:00,Jetbull,2.16,away
911,2018-11-15 02:21:00,Jetbull,2.0,away
912,2018-11-16 01:42:00,Leonbets,1.56,home
913,2018-11-16 01:12:00,Leonbets,1.61,home
914,2018-11-16 00:11:00,Leonbets,1.6,home
915,2018-11-15 23:40:00,Leonbets,1.62,home
916,2018-11-15 22:40:00,Leonbets,1.64,home
917,2018-11-15 20:08:00,Leonbets,1.62,home
918,2018-11-15 19:40:00,Leonbets,1.64,home
919,2018-11-15 16:06:00,Leonbets,1.7,home
920,2018-11-15 14:35:00,Leonbets,1.71,home
921,2018-11-15 12:02:00,Leonbets,1.75,home
922,2018-11-15 09:19:00,Leonbets,1.76,home
923,2018-11-15 08:49:00,Leonbets,1.81,home
924,2018-11-15 05:15:00,Leonbets,1.83,home
925,2018-11-15 02:44:00,Leonbets,1.84,home
926,2018-11-16 01:42:00,Leonbets,2.5,away
927,2018-11-16 01:12:00,Leonbets,2.38,away
928,2018-11-16 00:11:00,Leonbets,2.41,away
929,2018-11-15 23:40:00,Leonbets,2.36,away
930,2018-11-15 22:40:00,Leonbets,2.33,away
931,2018-11-15 20:08:00,Leonbets,2.36,away
932,2018-11-15 19:40:00,Leonbets,2.33,away
933,2018-11-15 16:06:00,Leonbets,2.22,away
934,2018-11-15 14:35:00,Leonbets,2.2,away
935,2018-11-15 12:02:00,Leonbets,2.14,away
936,2018-11-15 09:19:00,Leonbets,2.11,away
937,2018-11-15 08:49:00,Leonbets,2.05,away
938,2018-11-15 05:15:00,Leonbets,2.03,away
939,2018-11-15 02:44:00,Leonbets,2.01,away
940,2018-11-16 02:29:00,Marathonbet,1.6,home
941,2018-11-16 02:24:00,Marathonbet,1.59,home
942,2018-11-16 02:09:00,Marathonbet,1.57,home
943,2018-11-16 01:54:00,Marathonbet,1.56,home
944,2018-11-16 01:06:00,Marathonbet,1.61,home
945,2018-11-16 00:53:00,Marathonbet,1.62,home
946,2018-11-16 00:47:00,Marathonbet,1.61,home
947,2018-11-16 00:45:00,Marathonbet,1.62,home
948,2018-11-16 00:24:00,Marathonbet,1.61,home
949,2018-11-16 00:20:00,Marathonbet,1.6,home
950,2018-11-15 23:58:00,Marathonbet,1.61,home
951,2018-11-15 23:57:00,Marathonbet,1.6,home
952,2018-11-15 23:55:00,Marathonbet,1.61,home
953,2018-11-15 23:53:00,Marathonbet,1.62,home
954,2018-11-15 23:50:00,Marathonbet,1.61,home
955,2018-11-15 23:30:00,Marathonbet,1.63,home
956,2018-11-15 23:28:00,Marathonbet,1.62,home
957,2018-11-15 22:50:00,Marathonbet,1.63,home
958,2018-11-15 22:32:00,Marathonbet,1.64,home
959,2018-11-15 21:12:00,Marathonbet,1.63,home
960,2018-11-15 04:50:00,Marathonbet,1.86,home
961,2018-11-16 02:53:00,Marathonbet,2.5,away
962,2018-11-16 02:45:00,Marathonbet,2.49,away
963,2018-11-16 02:42:00,Marathonbet,2.5,away
964,2018-11-16 02:29:00,Marathonbet,2.51,away
965,2018-11-16 02:24:00,Marathonbet,2.52,away
966,2018-11-16 02:09:00,Marathonbet,2.57,away
967,2018-11-16 01:54:00,Marathonbet,2.6,away
968,2018-11-16 01:06:00,Marathonbet,2.47,away
969,2018-11-16 00:55:00,Marathonbet,2.46,away
970,2018-11-16 00:53:00,Marathonbet,2.45,away
971,2018-11-16 00:47:00,Marathonbet,2.47,away
972,2018-11-16 00:45:00,Marathonbet,2.46,away
973,2018-11-16 00:24:00,Marathonbet,2.47,away
974,2018-11-16 00:20:00,Marathonbet,2.5,away
975,2018-11-15 23:58:00,Marathonbet,2.47,away
976,2018-11-15 23:57:00,Marathonbet,2.5,away
977,2018-11-15 23:55:00,Marathonbet,2.47,away
978,2018-11-15 23:53:00,Marathonbet,2.46,away
979,2018-11-15 23:50:00,Marathonbet,2.47,away
980,2018-11-15 23:30:00,Marathonbet,2.43,away
981,2018-11-15 04:50:00,Marathonbet,2.05,away
982,2018-11-16 02:05:00,Marsbet,1.57,home
983,2018-11-16 01:46:00,Marsbet,1.55,home
984,2018-11-16 01:36:00,Marsbet,1.57,home
985,2018-11-16 01:12:00,Marsbet,1.58,home
986,2018-11-16 01:03:00,Marsbet,1.6,home
987,2018-11-15 23:58:00,Marsbet,1.58,home
988,2018-11-15 20:20:00,Marsbet,1.6,home
989,2018-11-15 19:57:00,Marsbet,1.62,home
990,2018-11-15 19:26:00,Marsbet,1.63,home
991,2018-11-15 19:04:00,Marsbet,1.6,home
992,2018-11-15 18:13:00,Marsbet,1.64,home
993,2018-11-15 17:50:00,Marsbet,1.66,home
994,2018-11-15 17:19:00,Marsbet,1.67,home
995,2018-11-15 16:13:00,Marsbet,1.68,home
996,2018-11-15 14:15:00,Marsbet,1.7,home
997,2018-11-15 11:40:00,Marsbet,1.71,home
998,2018-11-15 09:19:00,Marsbet,1.73,home
999,2018-11-15 08:47:00,Marsbet,1.77,home
1000,2018-11-15 06:50:00,Marsbet,1.79,home
1001,2018-11-15 06:02:00,Marsbet,1.8,home
1002,2018-11-15 02:18:00,Marsbet,1.82,home
1003,2018-11-16 02:05:00,Marsbet,2.4,away
1004,2018-11-16 01:46:00,Marsbet,2.45,away
1005,2018-11-16 01:36:00,Marsbet,2.4,away
1006,2018-11-16 01:12:00,Marsbet,2.37,away
1007,2018-11-16 01:03:00,Marsbet,2.34,away
1008,2018-11-15 23:58:00,Marsbet,2.37,away
1009,2018-11-15 20:20:00,Marsbet,2.34,away
1010,2018-11-15 19:57:00,Marsbet,2.3,away
1011,2018-11-15 19:26:00,Marsbet,2.28,away
1012,2018-11-15 19:04:00,Marsbet,2.34,away
1013,2018-11-15 18:13:00,Marsbet,2.25,away
1014,2018-11-15 17:50:00,Marsbet,2.22,away
1015,2018-11-15 17:19:00,Marsbet,2.2,away
1016,2018-11-15 16:13:00,Marsbet,2.18,away
1017,2018-11-15 14:15:00,Marsbet,2.15,away
1018,2018-11-15 11:40:00,Marsbet,2.14,away
1019,2018-11-15 09:19:00,Marsbet,2.1,away
1020,2018-11-15 08:47:00,Marsbet,2.05,away
1021,2018-11-15 06:50:00,Marsbet,2.02,away
1022,2018-11-15 06:02:00,Marsbet,2.0,away
1023,2018-11-15 02:18:00,Marsbet,1.98,away
1024,2018-11-16 01:39:00,NordicBet,1.55,home
1025,2018-11-15 23:58:00,NordicBet,1.58,home
1026,2018-11-15 23:57:00,NordicBet,1.59,home
1027,2018-11-15 23:53:00,NordicBet,1.58,home
1028,2018-11-15 23:48:00,NordicBet,1.59,home
1029,2018-11-15 23:42:00,NordicBet,1.61,home
1030,2018-11-15 23:36:00,NordicBet,1.59,home
1031,2018-11-15 23:34:00,NordicBet,1.61,home
1032,2018-11-15 23:32:00,NordicBet,1.59,home
1033,2018-11-15 23:28:00,NordicBet,1.61,home
1034,2018-11-15 23:26:00,NordicBet,1.59,home
1035,2018-11-15 22:36:00,NordicBet,1.61,home
1036,2018-11-15 22:33:00,NordicBet,1.59,home
1037,2018-11-15 18:01:00,NordicBet,1.61,home
1038,2018-11-15 17:59:00,NordicBet,1.64,home
1039,2018-11-15 17:41:00,NordicBet,1.66,home
1040,2018-11-15 16:47:00,NordicBet,1.68,home
1041,2018-11-15 14:09:00,NordicBet,1.69,home
1042,2018-11-15 11:23:00,NordicBet,1.72,home
1043,2018-11-15 09:17:00,NordicBet,1.75,home
1044,2018-11-15 02:26:00,NordicBet,1.82,home
1045,2018-11-16 01:39:00,NordicBet,2.45,away
1046,2018-11-15 23:58:00,NordicBet,2.4,away
1047,2018-11-15 23:57:00,NordicBet,2.39,away
1048,2018-11-15 23:53:00,NordicBet,2.4,away
1049,2018-11-15 23:48:00,NordicBet,2.39,away
1050,2018-11-15 23:42:00,NordicBet,2.34,away
1051,2018-11-15 23:36:00,NordicBet,2.39,away
1052,2018-11-15 23:34:00,NordicBet,2.34,away
1053,2018-11-15 23:32:00,NordicBet,2.39,away
1054,2018-11-15 23:28:00,NordicBet,2.34,away
1055,2018-11-15 23:26:00,NordicBet,2.39,away
1056,2018-11-15 22:36:00,NordicBet,2.34,away
1057,2018-11-15 22:33:00,NordicBet,2.39,away
1058,2018-11-15 18:01:00,NordicBet,2.34,away
1059,2018-11-15 17:59:00,NordicBet,2.29,away
1060,2018-11-15 17:41:00,NordicBet,2.26,away
1061,2018-11-15 16:47:00,NordicBet,2.21,away
1062,2018-11-15 14:09:00,NordicBet,2.19,away
1063,2018-11-15 11:23:00,NordicBet,2.15,away
1064,2018-11-15 09:17:00,NordicBet,2.1,away
1065,2018-11-15 02:26:00,NordicBet,2.0,away
1066,2018-11-16 01:40:00,Oddsring,1.56,home
1067,2018-11-16 01:09:00,Oddsring,1.61,home
1068,2018-11-16 00:08:00,Oddsring,1.6,home
1069,2018-11-15 23:38:00,Oddsring,1.62,home
1070,2018-11-15 22:39:00,Oddsring,1.64,home
1071,2018-11-15 20:06:00,Oddsring,1.62,home
1072,2018-11-15 18:05:00,Oddsring,1.64,home
1073,2018-11-15 16:03:00,Oddsring,1.7,home
1074,2018-11-15 14:33:00,Oddsring,1.71,home
1075,2018-11-15 11:31:00,Oddsring,1.75,home
1076,2018-11-15 09:29:00,Oddsring,1.76,home
1077,2018-11-15 08:58:00,Oddsring,1.81,home
1078,2018-11-15 05:26:00,Oddsring,1.83,home
1079,2018-11-15 02:24:00,Oddsring,1.84,home
1080,2018-11-16 01:40:00,Oddsring,2.5,away
1081,2018-11-16 01:09:00,Oddsring,2.38,away
1082,2018-11-16 00:08:00,Oddsring,2.41,away
1083,2018-11-15 23:38:00,Oddsring,2.36,away
1084,2018-11-15 22:39:00,Oddsring,2.33,away
1085,2018-11-15 20:06:00,Oddsring,2.36,away
1086,2018-11-15 18:05:00,Oddsring,2.33,away
1087,2018-11-15 16:03:00,Oddsring,2.22,away
1088,2018-11-15 14:33:00,Oddsring,2.2,away
1089,2018-11-15 11:31:00,Oddsring,2.14,away
1090,2018-11-15 09:29:00,Oddsring,2.11,away
1091,2018-11-15 08:58:00,Oddsring,2.05,away
1092,2018-11-15 05:26:00,Oddsring,2.03,away
1093,2018-11-15 02:24:00,Oddsring,2.01,away
1094,2018-11-16 02:34:00,Pinnacle,1.6,home
1095,2018-11-16 02:22:00,Pinnacle,1.59,home
1096,2018-11-16 02:14:00,Pinnacle,1.58,home
1097,2018-11-16 02:01:00,Pinnacle,1.57,home
1098,2018-11-16 01:48:00,Pinnacle,1.56,home
1099,2018-11-16 01:24:00,Pinnacle,1.58,home
1100,2018-11-16 01:22:00,Pinnacle,1.6,home
1101,2018-11-16 01:20:00,Pinnacle,1.61,home
1102,2018-11-16 01:03:00,Pinnacle,1.62,home
1103,2018-11-16 00:59:00,Pinnacle,1.63,home
1104,2018-11-15 23:57:00,Pinnacle,1.61,home
1105,2018-11-15 23:55:00,Pinnacle,1.6,home
1106,2018-11-15 23:48:00,Pinnacle,1.61,home
1107,2018-11-15 23:34:00,Pinnacle,1.63,home
1108,2018-11-15 22:50:00,Pinnacle,1.64,home
1109,2018-11-15 22:36:00,Pinnacle,1.65,home
1110,2018-11-15 21:50:00,Pinnacle,1.64,home
1111,2018-11-15 21:03:00,Pinnacle,1.65,home
1112,2018-11-15 19:47:00,Pinnacle,1.63,home
1113,2018-11-15 19:36:00,Pinnacle,1.65,home
1114,2018-11-15 02:14:00,Pinnacle,1.91,home
1115,2018-11-16 02:56:00,Pinnacle,2.51,away
1116,2018-11-16 02:34:00,Pinnacle,2.52,away
1117,2018-11-16 02:22:00,Pinnacle,2.53,away
1118,2018-11-16 02:14:00,Pinnacle,2.55,away
1119,2018-11-16 02:12:00,Pinnacle,2.56,away
1120,2018-11-16 02:01:00,Pinnacle,2.58,away
1121,2018-11-16 01:48:00,Pinnacle,2.59,away
1122,2018-11-16 01:36:00,Pinnacle,2.6,away
1123,2018-11-16 01:24:00,Pinnacle,2.55,away
1124,2018-11-16 01:22:00,Pinnacle,2.51,away
1125,2018-11-16 01:20:00,Pinnacle,2.48,away
1126,2018-11-16 01:03:00,Pinnacle,2.46,away
1127,2018-11-16 00:59:00,Pinnacle,2.44,away
1128,2018-11-15 23:57:00,Pinnacle,2.48,away
1129,2018-11-15 23:55:00,Pinnacle,2.5,away
1130,2018-11-15 23:48:00,Pinnacle,2.49,away
1131,2018-11-15 23:34:00,Pinnacle,2.43,away
1132,2018-11-15 23:26:00,Pinnacle,2.42,away
1133,2018-11-15 22:50:00,Pinnacle,2.41,away
1134,2018-11-15 22:36:00,Pinnacle,2.39,away
1135,2018-11-15 02:14:00,Pinnacle,2.0,away
1136,2018-11-16 01:41:00,Sportingbet,1.53,home
1137,2018-11-16 01:24:00,Sportingbet,1.55,home
1138,2018-11-15 22:51:00,Sportingbet,1.57,home
1139,2018-11-15 22:31:00,Sportingbet,1.6,home
1140,2018-11-15 22:07:00,Sportingbet,1.57,home
1141,2018-11-15 20:07:00,Sportingbet,1.6,home
1142,2018-11-15 20:05:00,Sportingbet,1.57,home
1143,2018-11-15 18:06:00,Sportingbet,1.6,home
1144,2018-11-15 17:39:00,Sportingbet,1.62,home
1145,2018-11-15 16:45:00,Sportingbet,1.65,home
1146,2018-11-15 14:04:00,Sportingbet,1.7,home
1147,2018-11-15 10:38:00,Sportingbet,1.73,home
1148,2018-11-15 09:09:00,Sportingbet,1.75,home
1149,2018-11-15 06:39:00,Sportingbet,1.78,home
1150,2018-11-15 05:21:00,Sportingbet,1.8,home
1151,2018-11-16 01:41:00,Sportingbet,2.45,away
1152,2018-11-16 01:24:00,Sportingbet,2.4,away
1153,2018-11-15 22:51:00,Sportingbet,2.35,away
1154,2018-11-15 22:31:00,Sportingbet,2.3,away
1155,2018-11-15 22:07:00,Sportingbet,2.35,away
1156,2018-11-15 20:07:00,Sportingbet,2.3,away
1157,2018-11-15 20:05:00,Sportingbet,2.35,away
1158,2018-11-15 18:06:00,Sportingbet,2.3,away
1159,2018-11-15 17:39:00,Sportingbet,2.25,away
1160,2018-11-15 16:45:00,Sportingbet,2.2,away
1161,2018-11-15 14:04:00,Sportingbet,2.15,away
1162,2018-11-15 10:38:00,Sportingbet,2.1,away
1163,2018-11-15 09:09:00,Sportingbet,2.05,away
1164,2018-11-15 06:39:00,Sportingbet,2.0,away
1165,2018-11-15 05:21:00,Sportingbet,1.95,away
1166,2018-11-16 00:17:00,Titanbet,1.57,home
1167,2018-11-15 20:32:00,Titanbet,1.6,home
1168,2018-11-15 18:23:00,Titanbet,1.62,home
1169,2018-11-15 17:57:00,Titanbet,1.65,home
1170,2018-11-15 16:52:00,Titanbet,1.67,home
1171,2018-11-15 14:24:00,Titanbet,1.7,home
1172,2018-11-15 12:00:00,Titanbet,1.73,home
1173,2018-11-15 09:48:00,Titanbet,1.75,home
1174,2018-11-15 07:03:00,Titanbet,1.8,home
1175,2018-11-15 05:26:00,Titanbet,1.83,home
1176,2018-11-15 03:01:00,Titanbet,1.9,home
1177,2018-11-16 00:17:00,Titanbet,2.45,away
1178,2018-11-15 20:32:00,Titanbet,2.38,away
1179,2018-11-15 18:23:00,Titanbet,2.35,away
1180,2018-11-15 17:57:00,Titanbet,2.3,away
1181,2018-11-15 16:52:00,Titanbet,2.25,away
1182,2018-11-15 14:24:00,Titanbet,2.2,away
1183,2018-11-15 12:00:00,Titanbet,2.15,away
1184,2018-11-15 09:48:00,Titanbet,2.1,away
1185,2018-11-15 07:03:00,Titanbet,2.05,away
1186,2018-11-15 05:26:00,Titanbet,2.0,away
1187,2018-11-15 03:01:00,Titanbet,1.95,away
1188,2018-11-16 02:41:00,Unibet,1.57,home
1189,2018-11-16 01:43:00,Unibet,1.53,home
1190,2018-11-16 01:14:00,Unibet,1.61,home
1191,2018-11-16 00:28:00,Unibet,1.57,home
1192,2018-11-15 21:36:00,Unibet,1.62,home
1193,2018-11-15 16:43:00,Unibet,1.65,home
1194,2018-11-15 15:22:00,Unibet,1.7,home
1195,2018-11-15 13:58:00,Unibet,1.74,home
1196,2018-11-15 11:39:00,Unibet,1.75,home
1197,2018-11-15 04:32:00,Unibet,1.83,home
1198,2018-11-16 02:41:00,Unibet,2.48,away
1199,2018-11-16 01:43:00,Unibet,2.55,away
1200,2018-11-16 01:14:00,Unibet,2.38,away
1201,2018-11-16 00:28:00,Unibet,2.45,away
1202,2018-11-15 18:57:00,Unibet,2.35,away
1203,2018-11-15 16:43:00,Unibet,2.3,away
1204,2018-11-15 15:22:00,Unibet,2.2,away
1205,2018-11-15 13:58:00,Unibet,2.15,away
1206,2018-11-15 10:37:00,Unibet,2.14,away
1207,2018-11-15 04:32:00,Unibet,2.02,away
1208,2018-11-16 02:13:00,Vernons,1.55,home
1209,2018-11-16 00:09:00,Vernons,1.57,home
1210,2018-11-15 20:37:00,Vernons,1.6,home
1211,2018-11-15 18:16:00,Vernons,1.62,home
1212,2018-11-15 17:49:00,Vernons,1.65,home
1213,2018-11-15 17:06:00,Vernons,1.67,home
1214,2018-11-15 14:10:00,Vernons,1.7,home
1215,2018-11-15 12:00:00,Vernons,1.73,home
1216,2018-11-15 09:25:00,Vernons,1.75,home
1217,2018-11-15 06:53:00,Vernons,1.8,home
1218,2018-11-15 05:30:00,Vernons,1.83,home
1219,2018-11-15 03:10:00,Vernons,1.9,home
1220,2018-11-16 02:13:00,Vernons,2.5,away
1221,2018-11-16 00:09:00,Vernons,2.45,away
1222,2018-11-15 20:37:00,Vernons,2.38,away
1223,2018-11-15 18:16:00,Vernons,2.35,away
1224,2018-11-15 17:49:00,Vernons,2.3,away
1225,2018-11-15 17:06:00,Vernons,2.25,away
1226,2018-11-15 14:10:00,Vernons,2.2,away
1227,2018-11-15 12:00:00,Vernons,2.15,away
1228,2018-11-15 09:25:00,Vernons,2.1,away
1229,2018-11-15 06:53:00,Vernons,2.05,away
1230,2018-11-15 05:30:00,Vernons,2.0,away
1231,2018-11-15 03:10:00,Vernons,1.95,away
1232,2018-11-16 01:40:00,William Hill,1.57,home
1233,2018-11-15 23:53:00,William Hill,1.6,home
1234,2018-11-15 20:15:00,William Hill,1.62,home
1235,2018-11-15 20:09:00,William Hill,1.6,home
1236,2018-11-15 18:06:00,William Hill,1.65,home
1237,2018-11-15 16:49:00,William Hill,1.7,home
1238,2018-11-15 14:03:00,William Hill,1.73,home
1239,2018-11-15 11:42:00,William Hill,1.75,home
1240,2018-11-15 06:38:00,William Hill,1.8,home
1241,2018-11-15 06:17:00,William Hill,1.83,home
1242,2018-11-15 02:35:00,William Hill,1.91,home
1243,2018-11-15 02:20:00,William Hill,1.73,home
1244,2018-11-16 01:40:00,William Hill,2.5,away
1245,2018-11-15 23:53:00,William Hill,2.45,away
1246,2018-11-15 20:15:00,William Hill,2.4,away
1247,2018-11-15 20:09:00,William Hill,2.45,away
1248,2018-11-15 18:06:00,William Hill,2.38,away
1249,2018-11-15 17:40:00,William Hill,2.3,away
1250,2018-11-15 16:49:00,William Hill,2.25,away
1251,2018-11-15 14:03:00,William Hill,2.2,away
1252,2018-11-15 11:42:00,William Hill,2.15,away
1253,2018-11-15 09:14:00,William Hill,2.1,away
1254,2018-11-15 06:38:00,William Hill,2.05,away
1255,2018-11-15 02:20:00,William Hill,2.0,away
1256,2018-11-15 22:50:00,youwin,1.53,home
1257,2018-11-15 22:31:00,youwin,1.57,home
1258,2018-11-15 22:07:00,youwin,1.53,home
1259,2018-11-15 17:40:00,youwin,1.57,home
1260,2018-11-15 16:44:00,youwin,1.62,home
1261,2018-11-15 14:05:00,youwin,1.67,home
1262,2018-11-15 10:38:00,youwin,1.7,home
1263,2018-11-15 09:10:00,youwin,1.73,home
1264,2018-11-15 06:39:00,youwin,1.75,home
1265,2018-11-15 05:23:00,youwin,1.78,home
1266,2018-11-15 22:50:00,youwin,2.3,away
1267,2018-11-15 22:31:00,youwin,2.25,away
1268,2018-11-15 22:07:00,youwin,2.3,away
1269,2018-11-15 18:07:00,youwin,2.25,away
1270,2018-11-15 17:40:00,youwin,2.2,away
1271,2018-11-15 16:44:00,youwin,2.15,away
1272,2018-11-15 14:05:00,youwin,2.1,away
1273,2018-11-15 10:38:00,youwin,2.05,away
1274,2018-11-15 09:10:00,youwin,2.0,away
1275,2018-11-15 06:39:00,youwin,1.98,away
1276,2018-11-15 05:23:00,youwin,1.91,away
